colorName,colorPath
#ABACA5,/Users/pavlovski/Documents/resources/immersive/code/41 - Q1 Project/images/batch/data/#abaca5.png
#ABA5ED,/Users/pavlovski/Documents/resources/immersive/code/41 - Q1 Project/images/batch/data/#aba5ed.png
#ABA5E5,/Users/pavlovski/Documents/resources/immersive/code/41 - Q1 Project/images/batch/data/#aba5e5.png
#ABBE55,/Users/pavlovski/Documents/resources/immersive/code/41 - Q1 Project/images/batch/data/#abbe55.png
#ABCE55,/Users/pavlovski/Documents/resources/immersive/code/41 - Q1 Project/images/batch/data/#abce55.png
#ABE1E5,/Users/pavlovski/Documents/resources/immersive/code/41 - Q1 Project/images/batch/data/#abe1e5.png
#ABE55E,/Users/pavlovski/Documents/resources/immersive/code/41 - Q1 Project/images/batch/data/#abe55e.png
#AB0DED,/Users/pavlovski/Documents/resources/immersive/code/41 - Q1 Project/images/batch/data/#ab0ded.png
#AB0DE5,/Users/pavlovski/Documents/resources/immersive/code/41 - Q1 Project/images/batch/data/#ab0de5.png
#AB011A,/Users/pavlovski/Documents/resources/immersive/code/41 - Q1 Project/images/batch/data/#ab011a.png
#ACCEDE,/Users/pavlovski/Documents/resources/immersive/code/41 - Q1 Project/images/batch/data/#accede.png
#ACCE55,/Users/pavlovski/Documents/resources/immersive/code/41 - Q1 Project/images/batch/data/#acce55.png
#ACC011,/Users/pavlovski/Documents/resources/immersive/code/41 - Q1 Project/images/batch/data/#acc011.png
#AC0E1A,/Users/pavlovski/Documents/resources/immersive/code/41 - Q1 Project/images/batch/data/#ac0e1a.png
#ADD1ED,/Users/pavlovski/Documents/resources/immersive/code/41 - Q1 Project/images/batch/data/#add1ed.png
#ADD1E5,/Users/pavlovski/Documents/resources/immersive/code/41 - Q1 Project/images/batch/data/#add1e5.png
#ADE1EA,/Users/pavlovski/Documents/resources/immersive/code/41 - Q1 Project/images/batch/data/#ade1ea.png
#AD1E55,/Users/pavlovski/Documents/resources/immersive/code/41 - Q1 Project/images/batch/data/#ad1e55.png
#AD0BE5,/Users/pavlovski/Documents/resources/immersive/code/41 - Q1 Project/images/batch/data/#ad0be5.png
#AD0B05,/Users/pavlovski/Documents/resources/immersive/code/41 - Q1 Project/images/batch/data/#ad0b05.png
#AEFA1D,/Users/pavlovski/Documents/resources/immersive/code/41 - Q1 Project/images/batch/data/#aefa1d.png
#AFACED,/Users/pavlovski/Documents/resources/immersive/code/41 - Q1 Project/images/batch/data/#afaced.png
#AF0CA1,/Users/pavlovski/Documents/resources/immersive/code/41 - Q1 Project/images/batch/data/#af0ca1.png
#A1A5A5,/Users/pavlovski/Documents/resources/immersive/code/41 - Q1 Project/images/batch/data/#a1a5a5.png
#A1BED0,/Users/pavlovski/Documents/resources/immersive/code/41 - Q1 Project/images/batch/data/#a1bed0.png
#A1CADE,/Users/pavlovski/Documents/resources/immersive/code/41 - Q1 Project/images/batch/data/#a1cade.png
#A1CED0,/Users/pavlovski/Documents/resources/immersive/code/41 - Q1 Project/images/batch/data/#a1ced0.png
#A1C1AD,/Users/pavlovski/Documents/resources/immersive/code/41 - Q1 Project/images/batch/data/#a1c1ad.png
#A1D015,/Users/pavlovski/Documents/resources/immersive/code/41 - Q1 Project/images/batch/data/#a1d015.png
#A1D05E,/Users/pavlovski/Documents/resources/immersive/code/41 - Q1 Project/images/batch/data/#a1d05e.png
#A11E1E,/Users/pavlovski/Documents/resources/immersive/code/41 - Q1 Project/images/batch/data/#a11e1e.png
#A110D5,/Users/pavlovski/Documents/resources/immersive/code/41 - Q1 Project/images/batch/data/#a110d5.png
#A1105E,/Users/pavlovski/Documents/resources/immersive/code/41 - Q1 Project/images/batch/data/#a1105e.png
#A100FE,/Users/pavlovski/Documents/resources/immersive/code/41 - Q1 Project/images/batch/data/#a100fe.png
#A1005E,/Users/pavlovski/Documents/resources/immersive/code/41 - Q1 Project/images/batch/data/#a1005e.png
#A5CEBC,/Users/pavlovski/Documents/resources/immersive/code/41 - Q1 Project/images/batch/data/#a5cebc.png
#A55BAA,/Users/pavlovski/Documents/resources/immersive/code/41 - Q1 Project/images/batch/data/#a55baa.png
#A55EA1,/Users/pavlovski/Documents/resources/immersive/code/41 - Q1 Project/images/batch/data/#a55ea1.png
#A55E1F,/Users/pavlovski/Documents/resources/immersive/code/41 - Q1 Project/images/batch/data/#a55e1f.png
#A55E55,/Users/pavlovski/Documents/resources/immersive/code/41 - Q1 Project/images/batch/data/#a55e55.png
#BABB1E,/Users/pavlovski/Documents/resources/immersive/code/41 - Q1 Project/images/batch/data/#babb1e.png
#BABE15,/Users/pavlovski/Documents/resources/immersive/code/41 - Q1 Project/images/batch/data/#babe15.png
#BAB001,/Users/pavlovski/Documents/resources/immersive/code/41 - Q1 Project/images/batch/data/#bab001.png
#BAB005,/Users/pavlovski/Documents/resources/immersive/code/41 - Q1 Project/images/batch/data/#bab005.png
#BACABA,/Users/pavlovski/Documents/resources/immersive/code/41 - Q1 Project/images/batch/data/#bacaba.png
#BACCAE,/Users/pavlovski/Documents/resources/immersive/code/41 - Q1 Project/images/batch/data/#baccae.png
#BADA55,/Users/pavlovski/Documents/resources/immersive/code/41 - Q1 Project/images/batch/data/#bada55.png
#BAFFED,/Users/pavlovski/Documents/resources/immersive/code/41 - Q1 Project/images/batch/data/#baffed.png
#BAFF1E,/Users/pavlovski/Documents/resources/immersive/code/41 - Q1 Project/images/batch/data/#baff1e.png
#BA1ADA,/Users/pavlovski/Documents/resources/immersive/code/41 - Q1 Project/images/batch/data/#ba1ada.png
#BA1AF0,/Users/pavlovski/Documents/resources/immersive/code/41 - Q1 Project/images/batch/data/#ba1af0.png
#BA1A05,/Users/pavlovski/Documents/resources/immersive/code/41 - Q1 Project/images/batch/data/#ba1a05.png
#BA1B0A,/Users/pavlovski/Documents/resources/immersive/code/41 - Q1 Project/images/batch/data/#ba1b0a.png
#BA1DED,/Users/pavlovski/Documents/resources/immersive/code/41 - Q1 Project/images/batch/data/#ba1ded.png
#BA11AD,/Users/pavlovski/Documents/resources/immersive/code/41 - Q1 Project/images/batch/data/#ba11ad.png
#BA11A5,/Users/pavlovski/Documents/resources/immersive/code/41 - Q1 Project/images/batch/data/#ba11a5.png
#BA11ED,/Users/pavlovski/Documents/resources/immersive/code/41 - Q1 Project/images/batch/data/#ba11ed.png
#BA1010,/Users/pavlovski/Documents/resources/immersive/code/41 - Q1 Project/images/batch/data/#ba1010.png
#BA15A5,/Users/pavlovski/Documents/resources/immersive/code/41 - Q1 Project/images/batch/data/#ba15a5.png
#BA0BAB,/Users/pavlovski/Documents/resources/immersive/code/41 - Q1 Project/images/batch/data/#ba0bab.png
#BA5A1E,/Users/pavlovski/Documents/resources/immersive/code/41 - Q1 Project/images/batch/data/#ba5a1e.png
#BA55E5,/Users/pavlovski/Documents/resources/immersive/code/41 - Q1 Project/images/batch/data/#ba55e5.png
#BA5505,/Users/pavlovski/Documents/resources/immersive/code/41 - Q1 Project/images/batch/data/#ba5505.png
#BEADED,/Users/pavlovski/Documents/resources/immersive/code/41 - Q1 Project/images/batch/data/#beaded.png
#BEAD1E,/Users/pavlovski/Documents/resources/immersive/code/41 - Q1 Project/images/batch/data/#bead1e.png
#BEB1ED,/Users/pavlovski/Documents/resources/immersive/code/41 - Q1 Project/images/batch/data/#beb1ed.png
#BEB055,/Users/pavlovski/Documents/resources/immersive/code/41 - Q1 Project/images/batch/data/#beb055.png
#BECA11,/Users/pavlovski/Documents/resources/immersive/code/41 - Q1 Project/images/batch/data/#beca11.png
#BEC1AD,/Users/pavlovski/Documents/resources/immersive/code/41 - Q1 Project/images/batch/data/#bec1ad.png
#BEDAFF,/Users/pavlovski/Documents/resources/immersive/code/41 - Q1 Project/images/batch/data/#bedaff.png
#BEDDED,/Users/pavlovski/Documents/resources/immersive/code/41 - Q1 Project/images/batch/data/#bedded.png
#BEDEAD,/Users/pavlovski/Documents/resources/immersive/code/41 - Q1 Project/images/batch/data/#bedead.png
#BEDEAF,/Users/pavlovski/Documents/resources/immersive/code/41 - Q1 Project/images/batch/data/#bedeaf.png
#BEDE11,/Users/pavlovski/Documents/resources/immersive/code/41 - Q1 Project/images/batch/data/#bede11.png
#BEDE15,/Users/pavlovski/Documents/resources/immersive/code/41 - Q1 Project/images/batch/data/#bede15.png
#BEEBEE,/Users/pavlovski/Documents/resources/immersive/code/41 - Q1 Project/images/batch/data/#beebee.png
#BEEFED,/Users/pavlovski/Documents/resources/immersive/code/41 - Q1 Project/images/batch/data/#beefed.png
#BEE101,/Users/pavlovski/Documents/resources/immersive/code/41 - Q1 Project/images/batch/data/#bee101.png
#BEFA11,/Users/pavlovski/Documents/resources/immersive/code/41 - Q1 Project/images/batch/data/#befa11.png
#BEFE11,/Users/pavlovski/Documents/resources/immersive/code/41 - Q1 Project/images/batch/data/#befe11.png
#BEF1EA,/Users/pavlovski/Documents/resources/immersive/code/41 - Q1 Project/images/batch/data/#bef1ea.png
#BEF001,/Users/pavlovski/Documents/resources/immersive/code/41 - Q1 Project/images/batch/data/#bef001.png
#BE1ACE,/Users/pavlovski/Documents/resources/immersive/code/41 - Q1 Project/images/batch/data/#be1ace.png
#BE1EAF,/Users/pavlovski/Documents/resources/immersive/code/41 - Q1 Project/images/batch/data/#be1eaf.png
#BE1EED,/Users/pavlovski/Documents/resources/immersive/code/41 - Q1 Project/images/batch/data/#be1eed.png
#BE11ED,/Users/pavlovski/Documents/resources/immersive/code/41 - Q1 Project/images/batch/data/#be11ed.png
#BE11E5,/Users/pavlovski/Documents/resources/immersive/code/41 - Q1 Project/images/batch/data/#be11e5.png
#BE5CAB,/Users/pavlovski/Documents/resources/immersive/code/41 - Q1 Project/images/batch/data/#be5cab.png
#BE51AB,/Users/pavlovski/Documents/resources/immersive/code/41 - Q1 Project/images/batch/data/#be51ab.png
#BE55E1,/Users/pavlovski/Documents/resources/immersive/code/41 - Q1 Project/images/batch/data/#be55e1.png
#BE55E5,/Users/pavlovski/Documents/resources/immersive/code/41 - Q1 Project/images/batch/data/#be55e5.png
#B1ADED,/Users/pavlovski/Documents/resources/immersive/code/41 - Q1 Project/images/batch/data/#b1aded.png
#B1ADE5,/Users/pavlovski/Documents/resources/immersive/code/41 - Q1 Project/images/batch/data/#b1ade5.png
#B1EED5,/Users/pavlovski/Documents/resources/immersive/code/41 - Q1 Project/images/batch/data/#b1eed5.png
#B1E55E,/Users/pavlovski/Documents/resources/immersive/code/41 - Q1 Project/images/batch/data/#b1e55e.png
#B100D5,/Users/pavlovski/Documents/resources/immersive/code/41 - Q1 Project/images/batch/data/#b100d5.png
#B0BBED,/Users/pavlovski/Documents/resources/immersive/code/41 - Q1 Project/images/batch/data/#b0bbed.png
#B0BB1E,/Users/pavlovski/Documents/resources/immersive/code/41 - Q1 Project/images/batch/data/#b0bb1e.png
#B0CCE5,/Users/pavlovski/Documents/resources/immersive/code/41 - Q1 Project/images/batch/data/#b0cce5.png
#B0DD1E,/Users/pavlovski/Documents/resources/immersive/code/41 - Q1 Project/images/batch/data/#b0dd1e.png
#B0FF05,/Users/pavlovski/Documents/resources/immersive/code/41 - Q1 Project/images/batch/data/#b0ff05.png
#B01DED,/Users/pavlovski/Documents/resources/immersive/code/41 - Q1 Project/images/batch/data/#b01ded.png
#B01D05,/Users/pavlovski/Documents/resources/immersive/code/41 - Q1 Project/images/batch/data/#b01d05.png
#B011ED,/Users/pavlovski/Documents/resources/immersive/code/41 - Q1 Project/images/batch/data/#b011ed.png
#B010ED,/Users/pavlovski/Documents/resources/immersive/code/41 - Q1 Project/images/batch/data/#b010ed.png
#B00B00,/Users/pavlovski/Documents/resources/immersive/code/41 - Q1 Project/images/batch/data/#b00b00.png
#B00D1E,/Users/pavlovski/Documents/resources/immersive/code/41 - Q1 Project/images/batch/data/#b00d1e.png
#B055ED,/Users/pavlovski/Documents/resources/immersive/code/41 - Q1 Project/images/batch/data/#b055ed.png
#B055E5,/Users/pavlovski/Documents/resources/immersive/code/41 - Q1 Project/images/batch/data/#b055e5.png
#CABA1A,/Users/pavlovski/Documents/resources/immersive/code/41 - Q1 Project/images/batch/data/#caba1a.png
#CABA11,/Users/pavlovski/Documents/resources/immersive/code/41 - Q1 Project/images/batch/data/#caba11.png
#CABA15,/Users/pavlovski/Documents/resources/immersive/code/41 - Q1 Project/images/batch/data/#caba15.png
#CABA5A,/Users/pavlovski/Documents/resources/immersive/code/41 - Q1 Project/images/batch/data/#caba5a.png
#CABBED,/Users/pavlovski/Documents/resources/immersive/code/41 - Q1 Project/images/batch/data/#cabbed.png
#CABB1E,/Users/pavlovski/Documents/resources/immersive/code/41 - Q1 Project/images/batch/data/#cabb1e.png
#CAB1ED,/Users/pavlovski/Documents/resources/immersive/code/41 - Q1 Project/images/batch/data/#cab1ed.png
#CAB1E5,/Users/pavlovski/Documents/resources/immersive/code/41 - Q1 Project/images/batch/data/#cab1e5.png
#CAB0B5,/Users/pavlovski/Documents/resources/immersive/code/41 - Q1 Project/images/batch/data/#cab0b5.png
#CACA05,/Users/pavlovski/Documents/resources/immersive/code/41 - Q1 Project/images/batch/data/#caca05.png
#CADDED,/Users/pavlovski/Documents/resources/immersive/code/41 - Q1 Project/images/batch/data/#cadded.png
#CADD1E,/Users/pavlovski/Documents/resources/immersive/code/41 - Q1 Project/images/batch/data/#cadd1e.png
#CAECA1,/Users/pavlovski/Documents/resources/immersive/code/41 - Q1 Project/images/batch/data/#caeca1.png
#CAFF1E,/Users/pavlovski/Documents/resources/immersive/code/41 - Q1 Project/images/batch/data/#caff1e.png
#CA1ABA,/Users/pavlovski/Documents/resources/immersive/code/41 - Q1 Project/images/batch/data/#ca1aba.png
#CA1ADE,/Users/pavlovski/Documents/resources/immersive/code/41 - Q1 Project/images/batch/data/#ca1ade.png
#CA1CED,/Users/pavlovski/Documents/resources/immersive/code/41 - Q1 Project/images/batch/data/#ca1ced.png
#CA1CE5,/Users/pavlovski/Documents/resources/immersive/code/41 - Q1 Project/images/batch/data/#ca1ce5.png
#CA1E5A,/Users/pavlovski/Documents/resources/immersive/code/41 - Q1 Project/images/batch/data/#ca1e5a.png
#CA11A5,/Users/pavlovski/Documents/resources/immersive/code/41 - Q1 Project/images/batch/data/#ca11a5.png
#CA11ED,/Users/pavlovski/Documents/resources/immersive/code/41 - Q1 Project/images/batch/data/#ca11ed.png
#CA11E5,/Users/pavlovski/Documents/resources/immersive/code/41 - Q1 Project/images/batch/data/#ca11e5.png
#CA1100,/Users/pavlovski/Documents/resources/immersive/code/41 - Q1 Project/images/batch/data/#ca1100.png
#CA1001,/Users/pavlovski/Documents/resources/immersive/code/41 - Q1 Project/images/batch/data/#ca1001.png
#CA5ABA,/Users/pavlovski/Documents/resources/immersive/code/41 - Q1 Project/images/batch/data/#ca5aba.png
#CA5ABE,/Users/pavlovski/Documents/resources/immersive/code/41 - Q1 Project/images/batch/data/#ca5abe.png
#CA5C01,/Users/pavlovski/Documents/resources/immersive/code/41 - Q1 Project/images/batch/data/#ca5c01.png
#CEA5ED,/Users/pavlovski/Documents/resources/immersive/code/41 - Q1 Project/images/batch/data/#cea5ed.png
#CEA5E5,/Users/pavlovski/Documents/resources/immersive/code/41 - Q1 Project/images/batch/data/#cea5e5.png
#CEBE11,/Users/pavlovski/Documents/resources/immersive/code/41 - Q1 Project/images/batch/data/#cebe11.png
#CE1EBE,/Users/pavlovski/Documents/resources/immersive/code/41 - Q1 Project/images/batch/data/#ce1ebe.png
#CE1EB5,/Users/pavlovski/Documents/resources/immersive/code/41 - Q1 Project/images/batch/data/#ce1eb5.png
#CE11AE,/Users/pavlovski/Documents/resources/immersive/code/41 - Q1 Project/images/batch/data/#ce11ae.png
#CE11ED,/Users/pavlovski/Documents/resources/immersive/code/41 - Q1 Project/images/batch/data/#ce11ed.png
#CE1105,/Users/pavlovski/Documents/resources/immersive/code/41 - Q1 Project/images/batch/data/#ce1105.png
#CE55ED,/Users/pavlovski/Documents/resources/immersive/code/41 - Q1 Project/images/batch/data/#ce55ed.png
#CE55E5,/Users/pavlovski/Documents/resources/immersive/code/41 - Q1 Project/images/batch/data/#ce55e5.png
#C1EDDE,/Users/pavlovski/Documents/resources/immersive/code/41 - Q1 Project/images/batch/data/#c1edde.png
#C10ACA,/Users/pavlovski/Documents/resources/immersive/code/41 - Q1 Project/images/batch/data/#c10aca.png
#C105ED,/Users/pavlovski/Documents/resources/immersive/code/41 - Q1 Project/images/batch/data/#c105ed.png
#C105E5,/Users/pavlovski/Documents/resources/immersive/code/41 - Q1 Project/images/batch/data/#c105e5.png
#C0A1A5,/Users/pavlovski/Documents/resources/immersive/code/41 - Q1 Project/images/batch/data/#c0a1a5.png
#C0A1ED,/Users/pavlovski/Documents/resources/immersive/code/41 - Q1 Project/images/batch/data/#c0a1ed.png
#C0BAEA,/Users/pavlovski/Documents/resources/immersive/code/41 - Q1 Project/images/batch/data/#c0baea.png
#C0BBED,/Users/pavlovski/Documents/resources/immersive/code/41 - Q1 Project/images/batch/data/#c0bbed.png
#C0BB1E,/Users/pavlovski/Documents/resources/immersive/code/41 - Q1 Project/images/batch/data/#c0bb1e.png
#C0BCAB,/Users/pavlovski/Documents/resources/immersive/code/41 - Q1 Project/images/batch/data/#c0bcab.png
#C0B1E5,/Users/pavlovski/Documents/resources/immersive/code/41 - Q1 Project/images/batch/data/#c0b1e5.png
#C0B01A,/Users/pavlovski/Documents/resources/immersive/code/41 - Q1 Project/images/batch/data/#c0b01a.png
#C0B055,/Users/pavlovski/Documents/resources/immersive/code/41 - Q1 Project/images/batch/data/#c0b055.png
#C0CCA1,/Users/pavlovski/Documents/resources/immersive/code/41 - Q1 Project/images/batch/data/#c0cca1.png
#C0C1EA,/Users/pavlovski/Documents/resources/immersive/code/41 - Q1 Project/images/batch/data/#c0c1ea.png
#C0C0A5,/Users/pavlovski/Documents/resources/immersive/code/41 - Q1 Project/images/batch/data/#c0c0a5.png
#C0DDED,/Users/pavlovski/Documents/resources/immersive/code/41 - Q1 Project/images/batch/data/#c0dded.png
#C0DD1E,/Users/pavlovski/Documents/resources/immersive/code/41 - Q1 Project/images/batch/data/#c0dd1e.png
#C0DEC5,/Users/pavlovski/Documents/resources/immersive/code/41 - Q1 Project/images/batch/data/#c0dec5.png
#C0ECA1,/Users/pavlovski/Documents/resources/immersive/code/41 - Q1 Project/images/batch/data/#c0eca1.png
#C0FFEA,/Users/pavlovski/Documents/resources/immersive/code/41 - Q1 Project/images/batch/data/#c0ffea.png
#C0FFEE,/Users/pavlovski/Documents/resources/immersive/code/41 - Q1 Project/images/batch/data/#c0ffee.png
#C0FF1E,/Users/pavlovski/Documents/resources/immersive/code/41 - Q1 Project/images/batch/data/#c0ff1e.png
#C01ADA,/Users/pavlovski/Documents/resources/immersive/code/41 - Q1 Project/images/batch/data/#c01ada.png
#C011AB,/Users/pavlovski/Documents/resources/immersive/code/41 - Q1 Project/images/batch/data/#c011ab.png
#C0101A,/Users/pavlovski/Documents/resources/immersive/code/41 - Q1 Project/images/batch/data/#c0101a.png
#C01055,/Users/pavlovski/Documents/resources/immersive/code/41 - Q1 Project/images/batch/data/#c01055.png
#C00B00,/Users/pavlovski/Documents/resources/immersive/code/41 - Q1 Project/images/batch/data/#c00b00.png
#C00D1E,/Users/pavlovski/Documents/resources/immersive/code/41 - Q1 Project/images/batch/data/#c00d1e.png
#C00EED,/Users/pavlovski/Documents/resources/immersive/code/41 - Q1 Project/images/batch/data/#c00eed.png
#C00EE5,/Users/pavlovski/Documents/resources/immersive/code/41 - Q1 Project/images/batch/data/#c00ee5.png
#C001ED,/Users/pavlovski/Documents/resources/immersive/code/41 - Q1 Project/images/batch/data/#c001ed.png
#C05EC5,/Users/pavlovski/Documents/resources/immersive/code/41 - Q1 Project/images/batch/data/#c05ec5.png
#C055A5,/Users/pavlovski/Documents/resources/immersive/code/41 - Q1 Project/images/batch/data/#c055a5.png
#DABBED,/Users/pavlovski/Documents/resources/immersive/code/41 - Q1 Project/images/batch/data/#dabbed.png
#DABB1E,/Users/pavlovski/Documents/resources/immersive/code/41 - Q1 Project/images/batch/data/#dabb1e.png
#DACE10,/Users/pavlovski/Documents/resources/immersive/code/41 - Q1 Project/images/batch/data/#dace10.png
#DADD1E,/Users/pavlovski/Documents/resources/immersive/code/41 - Q1 Project/images/batch/data/#dadd1e.png
#DAD0ED,/Users/pavlovski/Documents/resources/immersive/code/41 - Q1 Project/images/batch/data/#dad0ed.png
#DAD0E5,/Users/pavlovski/Documents/resources/immersive/code/41 - Q1 Project/images/batch/data/#dad0e5.png
#DAEDA1,/Users/pavlovski/Documents/resources/immersive/code/41 - Q1 Project/images/batch/data/#daeda1.png
#DAFFED,/Users/pavlovski/Documents/resources/immersive/code/41 - Q1 Project/images/batch/data/#daffed.png
#DAFF1E,/Users/pavlovski/Documents/resources/immersive/code/41 - Q1 Project/images/batch/data/#daff1e.png
#DA11A5,/Users/pavlovski/Documents/resources/immersive/code/41 - Q1 Project/images/batch/data/#da11a5.png
#DA11E5,/Users/pavlovski/Documents/resources/immersive/code/41 - Q1 Project/images/batch/data/#da11e5.png
#DC1A55,/Users/pavlovski/Documents/resources/immersive/code/41 - Q1 Project/images/batch/data/#dc1a55.png
#DEBA5E,/Users/pavlovski/Documents/resources/immersive/code/41 - Q1 Project/images/batch/data/#deba5e.png
#DEBC1E,/Users/pavlovski/Documents/resources/immersive/code/41 - Q1 Project/images/batch/data/#debc1e.png
#DEBE11,/Users/pavlovski/Documents/resources/immersive/code/41 - Q1 Project/images/batch/data/#debe11.png
#DEB055,/Users/pavlovski/Documents/resources/immersive/code/41 - Q1 Project/images/batch/data/#deb055.png
#DECADE,/Users/pavlovski/Documents/resources/immersive/code/41 - Q1 Project/images/batch/data/#decade.png
#DECA15,/Users/pavlovski/Documents/resources/immersive/code/41 - Q1 Project/images/batch/data/#deca15.png
#DECEDE,/Users/pavlovski/Documents/resources/immersive/code/41 - Q1 Project/images/batch/data/#decede.png
#DECE55,/Users/pavlovski/Documents/resources/immersive/code/41 - Q1 Project/images/batch/data/#dece55.png
#DEC0DE,/Users/pavlovski/Documents/resources/immersive/code/41 - Q1 Project/images/batch/data/#dec0de.png
#DEC011,/Users/pavlovski/Documents/resources/immersive/code/41 - Q1 Project/images/batch/data/#dec011.png
#DEEDED,/Users/pavlovski/Documents/resources/immersive/code/41 - Q1 Project/images/batch/data/#deeded.png
#DEE5E5,/Users/pavlovski/Documents/resources/immersive/code/41 - Q1 Project/images/batch/data/#dee5e5.png
#DEFACE,/Users/pavlovski/Documents/resources/immersive/code/41 - Q1 Project/images/batch/data/#deface.png
#DEFADE,/Users/pavlovski/Documents/resources/immersive/code/41 - Q1 Project/images/batch/data/#defade.png
#DEF1EA,/Users/pavlovski/Documents/resources/immersive/code/41 - Q1 Project/images/batch/data/#def1ea.png
#DE1ACE,/Users/pavlovski/Documents/resources/immersive/code/41 - Q1 Project/images/batch/data/#de1ace.png
#DE1EAD,/Users/pavlovski/Documents/resources/immersive/code/41 - Q1 Project/images/batch/data/#de1ead.png
#DE5EED,/Users/pavlovski/Documents/resources/immersive/code/41 - Q1 Project/images/batch/data/#de5eed.png
#DE501E,/Users/pavlovski/Documents/resources/immersive/code/41 - Q1 Project/images/batch/data/#de501e.png
#D0AB1E,/Users/pavlovski/Documents/resources/immersive/code/41 - Q1 Project/images/batch/data/#d0ab1e.png
#D0BBED,/Users/pavlovski/Documents/resources/immersive/code/41 - Q1 Project/images/batch/data/#d0bbed.png
#D0B1A5,/Users/pavlovski/Documents/resources/immersive/code/41 - Q1 Project/images/batch/data/#d0b1a5.png
#D0DDED,/Users/pavlovski/Documents/resources/immersive/code/41 - Q1 Project/images/batch/data/#d0dded.png
#D0DD1E,/Users/pavlovski/Documents/resources/immersive/code/41 - Q1 Project/images/batch/data/#d0dd1e.png
#D0D0E5,/Users/pavlovski/Documents/resources/immersive/code/41 - Q1 Project/images/batch/data/#d0d0e5.png
#D0FFED,/Users/pavlovski/Documents/resources/immersive/code/41 - Q1 Project/images/batch/data/#d0ffed.png
#D01E55,/Users/pavlovski/Documents/resources/immersive/code/41 - Q1 Project/images/batch/data/#d01e55.png
#D011ED,/Users/pavlovski/Documents/resources/immersive/code/41 - Q1 Project/images/batch/data/#d011ed.png
#D0105E,/Users/pavlovski/Documents/resources/immersive/code/41 - Q1 Project/images/batch/data/#d0105e.png
#D00DAB,/Users/pavlovski/Documents/resources/immersive/code/41 - Q1 Project/images/batch/data/#d00dab.png
#D00DAD,/Users/pavlovski/Documents/resources/immersive/code/41 - Q1 Project/images/batch/data/#d00dad.png
#D00D1E,/Users/pavlovski/Documents/resources/immersive/code/41 - Q1 Project/images/batch/data/#d00d1e.png
#D001EE,/Users/pavlovski/Documents/resources/immersive/code/41 - Q1 Project/images/batch/data/#d001ee.png
#D055A1,/Users/pavlovski/Documents/resources/immersive/code/41 - Q1 Project/images/batch/data/#d055a1.png
#D055ED,/Users/pavlovski/Documents/resources/immersive/code/41 - Q1 Project/images/batch/data/#d055ed.png
#D055E1,/Users/pavlovski/Documents/resources/immersive/code/41 - Q1 Project/images/batch/data/#d055e1.png
#D055E5,/Users/pavlovski/Documents/resources/immersive/code/41 - Q1 Project/images/batch/data/#d055e5.png
#EA5E15,/Users/pavlovski/Documents/resources/immersive/code/41 - Q1 Project/images/batch/data/#ea5e15.png
#EA55E1,/Users/pavlovski/Documents/resources/immersive/code/41 - Q1 Project/images/batch/data/#ea55e1.png
#EBCA5C,/Users/pavlovski/Documents/resources/immersive/code/41 - Q1 Project/images/batch/data/#ebca5c.png
#ECB01E,/Users/pavlovski/Documents/resources/immersive/code/41 - Q1 Project/images/batch/data/#ecb01e.png
#ECC1E5,/Users/pavlovski/Documents/resources/immersive/code/41 - Q1 Project/images/batch/data/#ecc1e5.png
#EC01E5,/Users/pavlovski/Documents/resources/immersive/code/41 - Q1 Project/images/batch/data/#ec01e5.png
#EDD0E5,/Users/pavlovski/Documents/resources/immersive/code/41 - Q1 Project/images/batch/data/#edd0e5.png
#EE1B0B,/Users/pavlovski/Documents/resources/immersive/code/41 - Q1 Project/images/batch/data/#ee1b0b.png
#EFFACE,/Users/pavlovski/Documents/resources/immersive/code/41 - Q1 Project/images/batch/data/#efface.png
#E10DEA,/Users/pavlovski/Documents/resources/immersive/code/41 - Q1 Project/images/batch/data/#e10dea.png
#E10DE5,/Users/pavlovski/Documents/resources/immersive/code/41 - Q1 Project/images/batch/data/#e10de5.png
#E5C0BA,/Users/pavlovski/Documents/resources/immersive/code/41 - Q1 Project/images/batch/data/#e5c0ba.png
#E55EDA,/Users/pavlovski/Documents/resources/immersive/code/41 - Q1 Project/images/batch/data/#e55eda.png
#E55EDE,/Users/pavlovski/Documents/resources/immersive/code/41 - Q1 Project/images/batch/data/#e55ede.png
#FAB1ED,/Users/pavlovski/Documents/resources/immersive/code/41 - Q1 Project/images/batch/data/#fab1ed.png
#FAB1E5,/Users/pavlovski/Documents/resources/immersive/code/41 - Q1 Project/images/batch/data/#fab1e5.png
#FACADE,/Users/pavlovski/Documents/resources/immersive/code/41 - Q1 Project/images/batch/data/#facade.png
#FADD1E,/Users/pavlovski/Documents/resources/immersive/code/41 - Q1 Project/images/batch/data/#fadd1e.png
#FAECA1,/Users/pavlovski/Documents/resources/immersive/code/41 - Q1 Project/images/batch/data/#faeca1.png
#FAECE5,/Users/pavlovski/Documents/resources/immersive/code/41 - Q1 Project/images/batch/data/#faece5.png
#FAFF1E,/Users/pavlovski/Documents/resources/immersive/code/41 - Q1 Project/images/batch/data/#faff1e.png
#FA1CE5,/Users/pavlovski/Documents/resources/immersive/code/41 - Q1 Project/images/batch/data/#fa1ce5.png
#FA11A1,/Users/pavlovski/Documents/resources/immersive/code/41 - Q1 Project/images/batch/data/#fa11a1.png
#FA5CE5,/Users/pavlovski/Documents/resources/immersive/code/41 - Q1 Project/images/batch/data/#fa5ce5.png
#FA5E15,/Users/pavlovski/Documents/resources/immersive/code/41 - Q1 Project/images/batch/data/#fa5e15.png
#FA501A,/Users/pavlovski/Documents/resources/immersive/code/41 - Q1 Project/images/batch/data/#fa501a.png
#FEA5ED,/Users/pavlovski/Documents/resources/immersive/code/41 - Q1 Project/images/batch/data/#fea5ed.png
#FEA5E5,/Users/pavlovski/Documents/resources/immersive/code/41 - Q1 Project/images/batch/data/#fea5e5.png
#FEEB1E,/Users/pavlovski/Documents/resources/immersive/code/41 - Q1 Project/images/batch/data/#feeb1e.png
#FEEDED,/Users/pavlovski/Documents/resources/immersive/code/41 - Q1 Project/images/batch/data/#feeded.png
#FE11A5,/Users/pavlovski/Documents/resources/immersive/code/41 - Q1 Project/images/batch/data/#fe11a5.png
#FE11ED,/Users/pavlovski/Documents/resources/immersive/code/41 - Q1 Project/images/batch/data/#fe11ed.png
#FE110E,/Users/pavlovski/Documents/resources/immersive/code/41 - Q1 Project/images/batch/data/#fe110e.png
#FE0DA1,/Users/pavlovski/Documents/resources/immersive/code/41 - Q1 Project/images/batch/data/#fe0da1.png
#FE0FF5,/Users/pavlovski/Documents/resources/immersive/code/41 - Q1 Project/images/batch/data/#fe0ff5.png
#FE5E15,/Users/pavlovski/Documents/resources/immersive/code/41 - Q1 Project/images/batch/data/#fe5e15.png
#FE55ED,/Users/pavlovski/Documents/resources/immersive/code/41 - Q1 Project/images/batch/data/#fe55ed.png
#FE55E5,/Users/pavlovski/Documents/resources/immersive/code/41 - Q1 Project/images/batch/data/#fe55e5.png
#F1ABE1,/Users/pavlovski/Documents/resources/immersive/code/41 - Q1 Project/images/batch/data/#f1abe1.png
#F1EECE,/Users/pavlovski/Documents/resources/immersive/code/41 - Q1 Project/images/batch/data/#f1eece.png
#F100D5,/Users/pavlovski/Documents/resources/immersive/code/41 - Q1 Project/images/batch/data/#f100d5.png
#F1055A,/Users/pavlovski/Documents/resources/immersive/code/41 - Q1 Project/images/batch/data/#f1055a.png
#F0A1ED,/Users/pavlovski/Documents/resources/immersive/code/41 - Q1 Project/images/batch/data/#f0a1ed.png
#F0BBED,/Users/pavlovski/Documents/resources/immersive/code/41 - Q1 Project/images/batch/data/#f0bbed.png
#F0C51E,/Users/pavlovski/Documents/resources/immersive/code/41 - Q1 Project/images/batch/data/#f0c51e.png
#F01DED,/Users/pavlovski/Documents/resources/immersive/code/41 - Q1 Project/images/batch/data/#f01ded.png
#F011E5,/Users/pavlovski/Documents/resources/immersive/code/41 - Q1 Project/images/batch/data/#f011e5.png
#F001ED,/Users/pavlovski/Documents/resources/immersive/code/41 - Q1 Project/images/batch/data/#f001ed.png
#F055AE,/Users/pavlovski/Documents/resources/immersive/code/41 - Q1 Project/images/batch/data/#f055ae.png
#F055ED,/Users/pavlovski/Documents/resources/immersive/code/41 - Q1 Project/images/batch/data/#f055ed.png
#F055E5,/Users/pavlovski/Documents/resources/immersive/code/41 - Q1 Project/images/batch/data/#f055e5.png
#1ABE15,/Users/pavlovski/Documents/resources/immersive/code/41 - Q1 Project/images/batch/data/#1abe15.png
#1AB1AB,/Users/pavlovski/Documents/resources/immersive/code/41 - Q1 Project/images/batch/data/#1ab1ab.png
#1ACC01,/Users/pavlovski/Documents/resources/immersive/code/41 - Q1 Project/images/batch/data/#1acc01.png
#1AC0CA,/Users/pavlovski/Documents/resources/immersive/code/41 - Q1 Project/images/batch/data/#1ac0ca.png
#1AD1ED,/Users/pavlovski/Documents/resources/immersive/code/41 - Q1 Project/images/batch/data/#1ad1ed.png
#1AD1E5,/Users/pavlovski/Documents/resources/immersive/code/41 - Q1 Project/images/batch/data/#1ad1e5.png
#1A11ED,/Users/pavlovski/Documents/resources/immersive/code/41 - Q1 Project/images/batch/data/#1a11ed.png
#1A55E5,/Users/pavlovski/Documents/resources/immersive/code/41 - Q1 Project/images/batch/data/#1a55e5.png
#1A5505,/Users/pavlovski/Documents/resources/immersive/code/41 - Q1 Project/images/batch/data/#1a5505.png
#1EADED,/Users/pavlovski/Documents/resources/immersive/code/41 - Q1 Project/images/batch/data/#1eaded.png
#1EAFED,/Users/pavlovski/Documents/resources/immersive/code/41 - Q1 Project/images/batch/data/#1eafed.png
#1EA5ED,/Users/pavlovski/Documents/resources/immersive/code/41 - Q1 Project/images/batch/data/#1ea5ed.png
#1EA5E5,/Users/pavlovski/Documents/resources/immersive/code/41 - Q1 Project/images/batch/data/#1ea5e5.png
#1EF5E1,/Users/pavlovski/Documents/resources/immersive/code/41 - Q1 Project/images/batch/data/#1ef5e1.png
#1E55EE,/Users/pavlovski/Documents/resources/immersive/code/41 - Q1 Project/images/batch/data/#1e55ee.png
#1E55E5,/Users/pavlovski/Documents/resources/immersive/code/41 - Q1 Project/images/batch/data/#1e55e5.png
#10ADED,/Users/pavlovski/Documents/resources/immersive/code/41 - Q1 Project/images/batch/data/#10aded.png
#10AFED,/Users/pavlovski/Documents/resources/immersive/code/41 - Q1 Project/images/batch/data/#10afed.png
#10BA1E,/Users/pavlovski/Documents/resources/immersive/code/41 - Q1 Project/images/batch/data/#10ba1e.png
#10BBED,/Users/pavlovski/Documents/resources/immersive/code/41 - Q1 Project/images/batch/data/#10bbed.png
#10B01A,/Users/pavlovski/Documents/resources/immersive/code/41 - Q1 Project/images/batch/data/#10b01a.png
#10B010,/Users/pavlovski/Documents/resources/immersive/code/41 - Q1 Project/images/batch/data/#10b010.png
#10B05A,/Users/pavlovski/Documents/resources/immersive/code/41 - Q1 Project/images/batch/data/#10b05a.png
#10B05E,/Users/pavlovski/Documents/resources/immersive/code/41 - Q1 Project/images/batch/data/#10b05e.png
#10CA1E,/Users/pavlovski/Documents/resources/immersive/code/41 - Q1 Project/images/batch/data/#10ca1e.png
#10CA15,/Users/pavlovski/Documents/resources/immersive/code/41 - Q1 Project/images/batch/data/#10ca15.png
#10C0ED,/Users/pavlovski/Documents/resources/immersive/code/41 - Q1 Project/images/batch/data/#10c0ed.png
#10C0E5,/Users/pavlovski/Documents/resources/immersive/code/41 - Q1 Project/images/batch/data/#10c0e5.png
#1011ED,/Users/pavlovski/Documents/resources/immersive/code/41 - Q1 Project/images/batch/data/#1011ed.png
#100FA5,/Users/pavlovski/Documents/resources/immersive/code/41 - Q1 Project/images/batch/data/#100fa5.png
#1005ED,/Users/pavlovski/Documents/resources/immersive/code/41 - Q1 Project/images/batch/data/#1005ed.png
#1005E5,/Users/pavlovski/Documents/resources/immersive/code/41 - Q1 Project/images/batch/data/#1005e5.png
#105E15,/Users/pavlovski/Documents/resources/immersive/code/41 - Q1 Project/images/batch/data/#105e15.png
#1055E5,/Users/pavlovski/Documents/resources/immersive/code/41 - Q1 Project/images/batch/data/#1055e5.png
#0B01E5,/Users/pavlovski/Documents/resources/immersive/code/41 - Q1 Project/images/batch/data/#0b01e5.png
#0B0105,/Users/pavlovski/Documents/resources/immersive/code/41 - Q1 Project/images/batch/data/#0b0105.png
#0B5EDE,/Users/pavlovski/Documents/resources/immersive/code/41 - Q1 Project/images/batch/data/#0b5ede.png
#0B5E55,/Users/pavlovski/Documents/resources/immersive/code/41 - Q1 Project/images/batch/data/#0b5e55.png
#0DE55A,/Users/pavlovski/Documents/resources/immersive/code/41 - Q1 Project/images/batch/data/#0de55a.png
#0FFA15,/Users/pavlovski/Documents/resources/immersive/code/41 - Q1 Project/images/batch/data/#0ffa15.png
#01ACAD,/Users/pavlovski/Documents/resources/immersive/code/41 - Q1 Project/images/batch/data/#01acad.png
#01EA5E,/Users/pavlovski/Documents/resources/immersive/code/41 - Q1 Project/images/batch/data/#01ea5e.png
#01E05E,/Users/pavlovski/Documents/resources/immersive/code/41 - Q1 Project/images/batch/data/#01e05e.png
#00D1E5,/Users/pavlovski/Documents/resources/immersive/code/41 - Q1 Project/images/batch/data/#00d1e5.png
#05E11A,/Users/pavlovski/Documents/resources/immersive/code/41 - Q1 Project/images/batch/data/#05e11a.png
#05E11E,/Users/pavlovski/Documents/resources/immersive/code/41 - Q1 Project/images/batch/data/#05e11e.png
#5ABA10,/Users/pavlovski/Documents/resources/immersive/code/41 - Q1 Project/images/batch/data/#5aba10.png
#5ABBED,/Users/pavlovski/Documents/resources/immersive/code/41 - Q1 Project/images/batch/data/#5abbed.png
#5ABECA,/Users/pavlovski/Documents/resources/immersive/code/41 - Q1 Project/images/batch/data/#5abeca.png
#5AB1E5,/Users/pavlovski/Documents/resources/immersive/code/41 - Q1 Project/images/batch/data/#5ab1e5.png
#5ACC05,/Users/pavlovski/Documents/resources/immersive/code/41 - Q1 Project/images/batch/data/#5acc05.png
#5ACE1A,/Users/pavlovski/Documents/resources/immersive/code/41 - Q1 Project/images/batch/data/#5ace1a.png
#5ADD1E,/Users/pavlovski/Documents/resources/immersive/code/41 - Q1 Project/images/batch/data/#5add1e.png
#5A1ADA,/Users/pavlovski/Documents/resources/immersive/code/41 - Q1 Project/images/batch/data/#5a1ada.png
#5A1ADE,/Users/pavlovski/Documents/resources/immersive/code/41 - Q1 Project/images/batch/data/#5a1ade.png
#5A1AD5,/Users/pavlovski/Documents/resources/immersive/code/41 - Q1 Project/images/batch/data/#5a1ad5.png
#5A1E1E,/Users/pavlovski/Documents/resources/immersive/code/41 - Q1 Project/images/batch/data/#5a1e1e.png
#5A11EE,/Users/pavlovski/Documents/resources/immersive/code/41 - Q1 Project/images/batch/data/#5a11ee.png
#5A1100,/Users/pavlovski/Documents/resources/immersive/code/41 - Q1 Project/images/batch/data/#5a1100.png
#5A1015,/Users/pavlovski/Documents/resources/immersive/code/41 - Q1 Project/images/batch/data/#5a1015.png
#5A55ED,/Users/pavlovski/Documents/resources/immersive/code/41 - Q1 Project/images/batch/data/#5a55ed.png
#5A55E5,/Users/pavlovski/Documents/resources/immersive/code/41 - Q1 Project/images/batch/data/#5a55e5.png
#5B100D,/Users/pavlovski/Documents/resources/immersive/code/41 - Q1 Project/images/batch/data/#5b100d.png
#5CA1AE,/Users/pavlovski/Documents/resources/immersive/code/41 - Q1 Project/images/batch/data/#5ca1ae.png
#5CA1D5,/Users/pavlovski/Documents/resources/immersive/code/41 - Q1 Project/images/batch/data/#5ca1d5.png
#5CA1ED,/Users/pavlovski/Documents/resources/immersive/code/41 - Q1 Project/images/batch/data/#5ca1ed.png
#5CA1E5,/Users/pavlovski/Documents/resources/immersive/code/41 - Q1 Project/images/batch/data/#5ca1e5.png
#5CA1FE,/Users/pavlovski/Documents/resources/immersive/code/41 - Q1 Project/images/batch/data/#5ca1fe.png
#5CA115,/Users/pavlovski/Documents/resources/immersive/code/41 - Q1 Project/images/batch/data/#5ca115.png
#5C1AFF,/Users/pavlovski/Documents/resources/immersive/code/41 - Q1 Project/images/batch/data/#5c1aff.png
#5C0FF5,/Users/pavlovski/Documents/resources/immersive/code/41 - Q1 Project/images/batch/data/#5c0ff5.png
#5C01D5,/Users/pavlovski/Documents/resources/immersive/code/41 - Q1 Project/images/batch/data/#5c01d5.png
#5C010C,/Users/pavlovski/Documents/resources/immersive/code/41 - Q1 Project/images/batch/data/#5c010c.png
#5EABED,/Users/pavlovski/Documents/resources/immersive/code/41 - Q1 Project/images/batch/data/#5eabed.png
#5EABEE,/Users/pavlovski/Documents/resources/immersive/code/41 - Q1 Project/images/batch/data/#5eabee.png
#5EA1ED,/Users/pavlovski/Documents/resources/immersive/code/41 - Q1 Project/images/batch/data/#5ea1ed.png
#5ECA1E,/Users/pavlovski/Documents/resources/immersive/code/41 - Q1 Project/images/batch/data/#5eca1e.png
#5ECC05,/Users/pavlovski/Documents/resources/immersive/code/41 - Q1 Project/images/batch/data/#5ecc05.png
#5ECEDE,/Users/pavlovski/Documents/resources/immersive/code/41 - Q1 Project/images/batch/data/#5ecede.png
#5ECE55,/Users/pavlovski/Documents/resources/immersive/code/41 - Q1 Project/images/batch/data/#5ece55.png
#5EEDED,/Users/pavlovski/Documents/resources/immersive/code/41 - Q1 Project/images/batch/data/#5eeded.png
#5EE1ED,/Users/pavlovski/Documents/resources/immersive/code/41 - Q1 Project/images/batch/data/#5ee1ed.png
#5EE5EE,/Users/pavlovski/Documents/resources/immersive/code/41 - Q1 Project/images/batch/data/#5ee5ee.png
#5E1FED,/Users/pavlovski/Documents/resources/immersive/code/41 - Q1 Project/images/batch/data/#5e1fed.png
#5E11E5,/Users/pavlovski/Documents/resources/immersive/code/41 - Q1 Project/images/batch/data/#5e11e5.png
#5E55ED,/Users/pavlovski/Documents/resources/immersive/code/41 - Q1 Project/images/batch/data/#5e55ed.png
#50BBED,/Users/pavlovski/Documents/resources/immersive/code/41 - Q1 Project/images/batch/data/#50bbed.png
#50B01E,/Users/pavlovski/Documents/resources/immersive/code/41 - Q1 Project/images/batch/data/#50b01e.png
#50C1E5,/Users/pavlovski/Documents/resources/immersive/code/41 - Q1 Project/images/batch/data/#50c1e5.png
#50DDED,/Users/pavlovski/Documents/resources/immersive/code/41 - Q1 Project/images/batch/data/#50dded.png
#501ACE,/Users/pavlovski/Documents/resources/immersive/code/41 - Q1 Project/images/batch/data/#501ace.png
#501EA5,/Users/pavlovski/Documents/resources/immersive/code/41 - Q1 Project/images/batch/data/#501ea5.png
#5010ED,/Users/pavlovski/Documents/resources/immersive/code/41 - Q1 Project/images/batch/data/#5010ed.png
#500D1E,/Users/pavlovski/Documents/resources/immersive/code/41 - Q1 Project/images/batch/data/#500d1e.png
#500500,/Users/pavlovski/Documents/resources/immersive/code/41 - Q1 Project/images/batch/data/#500500.png
#50551E,/Users/pavlovski/Documents/resources/immersive/code/41 - Q1 Project/images/batch/data/#50551e.png